position,name,country
GK,Matěj Kovář,CZE
DF,David Zima,CZE
DF,Tomáš Holeš,CZE
DF,Robin Hranáč,CZE
DF,Vladimír Coufal,CZE
DF,Štěpán Chaloupek,CZE
DF,Ladislav Krejčí,CZE
MF,Vladimír Darida,CZE
FW,Adam Hložek,CZE
FW,Patrik Schick,CZE
FW,Jan Kuchta,CZE
MF,Lukáš Červ,CZE
FW,Mojmír Chytil,CZE
DF,David Jurásek,CZE
FW,Pavel Šulc,CZE
GK,Jindřich Staněk,CZE
MF,Lukáš Provod,CZE
MF,Michal Sadílek,CZE
FW,Tomáš Chorý,CZE
DF,Jaroslav Zelený,CZE
DF,David Douděra,CZE
MF,Tomáš Souček,CZE
GK,Lukáš Horníček,CZE
MF,Alexandr Sojka,CZE
MF,Hugo Sochůrek,CZE
FW,Denis Višinský,CZE
GK,Raúl Rangel,MEX
DF,Jorge Sánchez,MEX
DF,César Montes,MEX
DF,Edson Álvarez,MEX
DF,Johan Vásquez,MEX
MF,Érik Lira,MEX
MF,Luis Romo,MEX
MF,Álvaro Fidalgo,MEX
FW,Raúl Jiménez,MEX
FW,Alexis Vega,MEX
FW,Santiago Giménez,MEX
GK,Carlos Acevedo,MEX
GK,Guillermo Ochoa,MEX
FW,Armando González,MEX
DF,Israel Reyes,MEX
FW,Julián Quiñones,MEX
MF,Orbelín Pineda,MEX
MF,Obed Vargas,MEX
MF,Gilberto Mora,MEX
DF,Mateo Chávez,MEX
FW,César Huerta,MEX
FW,Guillermo Martínez,MEX
DF,Jesús Gallardo,MEX
MF,Luis Chávez,MEX
FW,Roberto Alvarado,MEX
MF,Brian Gutiérrez,MEX
GK,Ronwen Williams,ZAF
DF,Thabang Matuludi,ZAF
DF,Khulumani Ndamane,ZAF
MF,Teboho Mokoena,ZAF
MF,Thalente Mbatha,ZAF
DF,Aubrey Modiba,ZAF
FW,Oswin Appollis,ZAF
FW,Tshepang Moremi,ZAF
FW,Lyle Foster,ZAF
FW,Relebohile Mofokeng,ZAF
MF,Themba Zwane,ZAF
FW,Thapelo Maseko,ZAF
MF,Sphephelo Sithole,ZAF
DF,Mbekezeli Mbokazi,ZAF
FW,Iqraam Rayners,ZAF
GK,Sipho Chaine,ZAF
FW,Evidence Makgopa,ZAF
DF,Samukele Kabini,ZAF
DF,Nkosinathi Sibisi,ZAF
DF,Khuliso Mudau,ZAF
DF,Ime Okon,ZAF
GK,Ricardo Goss,ZAF
MF,Jayden Adams,ZAF
DF,Olwethu Makhanya,ZAF
FW,Kamogelo Sebelebele,ZAF
DF,Bradley Cross,ZAF
GK,Kim Seung-gyu,KOR
DF,Lee Han-beom,KOR
MF,Lee Gi-hyuk,KOR
DF,Kim Min-jae,KOR
DF,Kim Tae-hyeon,KOR
MF,Hwang In-beom,KOR
FW,Son Heung-min,KOR
MF,Paik Seung-ho,KOR
FW,Cho Gue-sung,KOR
MF,Lee Jae-sung,KOR
MF,Hwang Hee-chan,KOR
GK,Song Bum-keun,KOR
DF,Lee Tae-seok,KOR
DF,Cho Wi-je,KOR
DF,Kim Moon-hwan,KOR
DF,Park Jin-seob,KOR
MF,Bae Jun-ho,KOR
FW,Oh Hyeon-gyu,KOR
MF,Lee Kang-in,KOR
MF,Yang Hyun-jun,KOR
GK,Jo Hyeon-woo,KOR
DF,Seol Young-woo,KOR
DF,Jens Castrop,KOR
MF,Kim Jin-gyu,KOR
MF,Eom Ji-sung,KOR
MF,Lee Dong-gyeong,KOR
GK,Nikola Vasilj,BIH
DF,Nihad Mujakić,BIH
DF,Dennis Hadžikadunić,BIH
DF,Tarik Muharemović,BIH
DF,Sead Kolašinac,BIH
MF,Benjamin Tahirović,BIH
DF,Amar Dedić,BIH
MF,Armin Gigović,BIH
FW,Samed Baždar,BIH
FW,Ermedin Demirović,BIH
FW,Edin Džeko,BIH
GK,Mladen Jurkas,BIH
MF,Ivan Bašić,BIH
MF,Ivan Šunjić,BIH
MF,Amar Memić,BIH
MF,Amir Hadžiahmetović,BIH
MF,Dženis Burnić,BIH
DF,Nikola Katić,BIH
FW,Kerim Alajbegović,BIH
FW,Esmir Bajraktarević,BIH
DF,Stjepan Radeljić,BIH
GK,Martin Zlomislić,BIH
FW,Haris Tabaković,BIH
DF,Nidal Čelik,BIH
FW,Jovo Lukić,BIH
MF,Ermin Mahmić,BIH
GK,Dayne St. Clair,CAN
DF,Alistair Johnston,CAN
DF,Alfie Jones,CAN
DF,Luc de Fougerolles,CAN
DF,Joel Waterman,CAN
MF,Mathieu Choinière,CAN
MF,Stephen Eustáquio,CAN
MF,Ismaël Koné,CAN
FW,Cyle Larin,CAN
FW,Jonathan David,CAN
MF,Liam Millar,CAN
FW,Tani Oluwaseyi,CAN
DF,Derek Cornelius,CAN
MF,Jacob Shaffelburg,CAN
DF,Moïse Bombito,CAN
GK,Maxime Crépeau,CAN
FW,Tajon Buchanan,CAN
GK,Owen Goodman,CAN
DF,Alphonso Davies,CAN
FW,Ali Ahmed,CAN
MF,Jonathan Osorio,CAN
DF,Richie Laryea,CAN
DF,Niko Sigur,CAN
FW,Promise David,CAN
MF,Nathan Saliba,CAN
GK,Mahmud Abunada,QAT
DF,Pedro Miguel,QAT
DF,Lucas Mendes,QAT
DF,Issa Laye,QAT
DF,Jassem Gaber,QAT
MF,Abdulaziz Hatem,QAT
FW,Ahmed Alaaeldin,QAT
FW,Edmilson Junior,QAT
FW,Mohammed Muntari,QAT
FW,Hassan Al-Haydos,QAT
FW,Akram Afif,QAT
MF,Karim Boudiaf,QAT
DF,Ayoub Al-Oui,QAT
DF,Homam Ahmed,QAT
FW,Yusuf Abdurisag,QAT
DF,Boualem Khoukhi,QAT
MF,Ahmed Al-Ganehi,QAT
DF,Sultan Al-Brake,QAT
FW,Almoez Ali,QAT
MF,Ahmed Fathy,QAT
GK,Salah Zakaria,QAT
GK,Meshaal Barsham,QAT
MF,Assim Madibo,QAT
FW,Tahsin Jamshid,QAT
DF,Al-Hashmi Al-Hussain,QAT
FW,Mohamed Manai,QAT
GK,Gregor Kobel,SUI
DF,Miro Muheim,SUI
DF,Silvan Widmer,SUI
DF,Nico Elvedi,SUI
DF,Manuel Akanji,SUI
MF,Denis Zakaria,SUI
FW,Breel Embolo,SUI
MF,Remo Freuler,SUI
MF,Johan Manzambi,SUI
MF,Granit Xhaka,SUI
FW,Dan Ndoye,SUI
GK,Yvon Mvogo,SUI
DF,Ricardo Rodriguez,SUI
MF,Ardon Jashari,SUI
MF,Djibril Sow,SUI
FW,Christian Fassnacht,SUI
FW,Rubén Vargas,SUI
DF,Eray Cömert,SUI
FW,Noah Okafor,SUI
MF,Michel Aebischer,SUI
GK,Marvin Keller,SUI
MF,Fabian Rieder,SUI
FW,Zeki Amdouni,SUI
DF,Aurèle Amenda,SUI
DF,Luca Jaquez,SUI
FW,Cedric Itten,SUI
GK,Alisson,BRA
DF,Wesley,BRA
DF,Gabriel Magalhães,BRA
DF,Marquinhos,BRA
MF,Casemiro,BRA
DF,Alex Sandro,BRA
FW,Vinícius Júnior,BRA
MF,Bruno Guimarães,BRA
FW,Matheus Cunha,BRA
FW,Neymar,BRA
FW,Raphinha,BRA
GK,Weverton,BRA
DF,Danilo Luiz,BRA
DF,Bremer,BRA
DF,Léo Pereira,BRA
DF,Douglas Santos,BRA
MF,Fabinho,BRA
MF,Danilo Santos,BRA
FW,Endrick,BRA
MF,Lucas Paquetá,BRA
FW,Luiz Henrique,BRA
FW,Gabriel Martinelli,BRA
GK,Ederson,BRA
DF,Roger Ibañez,BRA
FW,Igor Thiago,BRA
FW,Rayan,BRA
GK,Johny Placide,HAI
DF,Carlens Arcus,HAI
DF,Keeto Thermoncy,HAI
DF,Ricardo Adé,HAI
DF,Hannes Delcroix,HAI
MF,Carl Sainté,HAI
FW,Derrick Etienne Jr.,HAI
DF,Martin Expérience,HAI
FW,Duckens Nazon,HAI
MF,Jean-Ricner Bellegarde,HAI
FW,Louicius Deedson,HAI
GK,Alexandre Pierre,HAI
DF,Duke Lacroix,HAI
MF,Leverton Pierre,HAI
FW,Ruben Providence,HAI
FW,Lenny Joseph,HAI
MF,Danley Jean Jacques,HAI
FW,Wilson Isidor,HAI
FW,Yassin Fortuné,HAI
FW,Frantzdy Pierrot,HAI
FW,Josué Casimir,HAI
DF,Jean-Kévin Duverne,HAI
GK,Josué Duverger,HAI
DF,Wilguens Paugain,HAI
MF,Dominique Simon,HAI
MF,Woodensky Pierre,HAI
GK,Yassine Bounou,MAR
DF,Achraf Hakimi,MAR
DF,Noussair Mazraoui,MAR
MF,Sofyan Amrabat,MAR
DF,Nayef Aguerd,MAR
MF,Ayyoub Bouaddi,MAR
MF,Chemsdine Talbi,MAR
MF,Azzedine Ounahi,MAR
FW,Soufiane Rahimi,MAR
FW,Brahim Díaz,MAR
MF,Ismael Saibari,MAR
GK,Munir Mohamedi,MAR
DF,Zakaria El Ouahdi,MAR
DF,Issa Diop,MAR
MF,Samir El Mourabet,MAR
MF,Gessime Yassine,MAR
FW,Abde Ezzalzouli,MAR
DF,Chadi Riad,MAR
DF,Youssef Belammari,MAR
FW,Ayoub El Kaabi,MAR
FW,Ayoube Amaimouni,MAR
GK,Ahmed Reda Tagnaouti,MAR
MF,Bilal El Khannouss,MAR
MF,Neil El Aynaoui,MAR
DF,Redouane Halhal,MAR
DF,Anass Salah-Eddine,MAR
GK,Angus Gunn,SCO
DF,Aaron Hickey,SCO
DF,Andy Robertson,SCO
MF,Scott McTominay,SCO
DF,Grant Hanley,SCO
DF,Kieran Tierney,SCO
MF,John McGinn,SCO
MF,Tyler Fletcher,SCO
FW,Lyndon Dykes,SCO
FW,Ché Adams,SCO
MF,Ryan Christie,SCO
GK,Liam Kelly,SCO
DF,Jack Hendry,SCO
FW,Ross Stewart,SCO
DF,John Souttar,SCO
DF,Dominic Hyam,SCO
FW,Ben Gannon-Doak,SCO
FW,George Hirst,SCO
MF,Lewis Ferguson,SCO
FW,Lawrence Shankland,SCO
GK,Craig Gordon,SCO
DF,Nathan Patterson,SCO
MF,Kenny McLean,SCO
DF,Anthony Ralston,SCO
FW,Findlay Curtis,SCO
DF,Scott McKenna,SCO
GK,Mathew Ryan,AUS
DF,Miloš Degenek,AUS
DF,Alessandro Circati,AUS
DF,Jacob Italiano,AUS
DF,Jordan Bos,AUS
DF,Jason Geria,AUS
FW,Mathew Leckie,AUS
MF,Connor Metcalfe,AUS
FW,Mohamed Touré,AUS
FW,Ajdin Hrustic,AUS
FW,Awer Mabil,AUS
GK,Paul Izzo,AUS
MF,Aiden O'Neill,AUS
MF,Cammy Devlin,AUS
DF,Kai Trewin,AUS
DF,Aziz Behich,AUS
FW,Nestory Irankunda,AUS
GK,Patrick Beach,AUS
DF,Harry Souttar,AUS
FW,Cristian Volpato,AUS
DF,Cameron Burgess,AUS
MF,Jackson Irvine,AUS
FW,Nishan Velupillay,AUS
MF,Paul Okon-Engstler,AUS
DF,Lucas Herrington,AUS
FW,Tete Yengi,AUS
GK,Gatito Fernández,PAR
DF,Gustavo Velázquez,PAR
DF,Omar Alderete,PAR
DF,Juan José Cáceres,PAR
DF,Fabián Balbuena,PAR
DF,Júnior Alonso,PAR
MF,Ramón Sosa,PAR
MF,Diego Gómez,PAR
FW,Antonio Sanabria,PAR
MF,Miguel Almirón,PAR
MF,Maurício,PAR
GK,Orlando Gill,PAR
DF,José Canale,PAR
MF,Andrés Cubas,PAR
DF,Gustavo Gómez,PAR
MF,Damián Bobadilla,PAR
FW,Kaku,PAR
FW,Álex Arce,PAR
FW,Julio Enciso,PAR
MF,Braian Ojeda,PAR
FW,Gabriel Ávalos,PAR
GK,Gastón Olveira,PAR
MF,Matías Galarza,PAR
MF,Gustavo Caballero,PAR
FW,Isidro Pitta,PAR
DF,Alexandro Maidana,PAR
GK,Mert Günok,TUR
DF,Zeki Çelik,TUR
DF,Merih Demiral,TUR
DF,Çağlar Söyüncü,TUR
MF,Salih Özcan,TUR
MF,Orkun Kökçü,TUR
FW,Kerem Aktürkoğlu,TUR
FW,Arda Güler,TUR
FW,Deniz Gül,TUR
MF,Hakan Çalhanoğlu,TUR
FW,Kenan Yıldız,TUR
GK,Altay Bayındır,TUR
DF,Eren Elmalı,TUR
DF,Abdülkerim Bardakcı,TUR
DF,Ozan Kabak,TUR
MF,İsmail Yüksek,TUR
FW,İrfan Can Kahveci,TUR
DF,Mert Müldür,TUR
FW,Yunus Akgün,TUR
DF,Ferdi Kadıoğlu,TUR
FW,Barış Alper Yılmaz,TUR
MF,Kaan Ayhan,TUR
GK,Uğurcan Çakır,TUR
FW,Oğuz Aydın,TUR
DF,Samet Akaydin,TUR
FW,Can Uzun,TUR
GK,Matt Turner,USA
DF,Sergiño Dest,USA
DF,Chris Richards,USA
MF,Tyler Adams,USA
DF,Antonee Robinson,USA
DF,Auston Trusty,USA
MF,Giovanni Reyna,USA
MF,Weston McKennie,USA
FW,Ricardo Pepi,USA
FW,Christian Pulisic,USA
FW,Brenden Aaronson,USA
DF,Miles Robinson,USA
DF,Tim Ream,USA
MF,Sebastian Berhalter,USA
MF,Cristian Roldan,USA
DF,Alex Freeman,USA
MF,Malik Tillman,USA
DF,Maximilian Arfsten,USA
FW,Haji Wright,USA
FW,Folarin Balogun,USA
FW,Timothy Weah,USA
DF,Mark McKenzie,USA
DF,Joe Scally,USA
GK,Matt Freese,USA
GK,Chris Brady,USA
FW,Alejandro Zendejas,USA
GK,Eloy Room,CUW
DF,Shurandy Sambo,CUW
DF,Juriën Gaari,CUW
DF,Roshon van Eijma,CUW
DF,Sherel Floranus,CUW
MF,Godfried Roemeratoe,CUW
MF,Juninho Bacuna,CUW
MF,Livano Comenencia,CUW
FW,Jürgen Locadia,CUW
MF,Leandro Bacuna,CUW
FW,Jeremy Antonisse,CUW
FW,Sontje Hansen,CUW
FW,Tyrese Noslin,CUW
FW,Kenji Gorré,CUW
MF,Ar'jany Martha,CUW
FW,Jearl Margaritha,CUW
FW,Brandley Kuwas,CUW
DF,Armando Obispo,CUW
FW,Gervane Kastaneer,CUW
DF,Joshua Brenet,CUW
MF,Tahith Chong,CUW
MF,Kevin Felida,CUW
DF,Riechedly Bazoer,CUW
DF,Deveron Fonville,CUW
GK,Tyrick Bodak,CUW
GK,Trevor Doornbusch,CUW
GK,Hernán Galíndez,ECU
DF,Félix Torres,ECU
DF,Piero Hincapié,ECU
DF,Joel Ordóñez,ECU
MF,Jordy Alcívar,ECU
DF,Willian Pacho,ECU
DF,Pervis Estupiñán,ECU
MF,Anthony Valencia,ECU
FW,John Yeboah,ECU
MF,Kendry Páez,ECU
FW,Kevin Rodríguez,ECU
GK,Moisés Ramírez,ECU
FW,Enner Valencia,ECU
MF,Alan Minda,ECU
MF,Pedro Vite,ECU
FW,Jordy Caicedo,ECU
DF,Ángelo Preciado,ECU
MF,Denil Castillo,ECU
FW,Gonzalo Plata,ECU
FW,Nilson Angulo,ECU
MF,Alan Franco,ECU
GK,Gonzalo Valle,ECU
MF,Moisés Caicedo,ECU
FW,Jeremy Arévalo,ECU
DF,Jackson Porozo,ECU
DF,Yaimar Medina,ECU
GK,Manuel Neuer,GER
DF,Antonio Rüdiger,GER
DF,Waldemar Anton,GER
DF,Jonathan Tah,GER
MF,Aleksandar Pavlović,GER
DF,Joshua Kimmich,GER
FW,Kai Havertz,GER
MF,Leon Goretzka,GER
MF,Jamie Leweling,GER
MF,Jamal Musiala,GER
FW,Nick Woltemade,GER
GK,Oliver Baumann,GER
MF,Pascal Groß,GER
FW,Maximilian Beier,GER
DF,Nico Schlotterbeck,GER
MF,Angelo Stiller,GER
MF,Florian Wirtz,GER
DF,Nathaniel Brown,GER
MF,Leroy Sané,GER
MF,Nadiem Amiri,GER
GK,Alexander Nübel,GER
DF,David Raum,GER
MF,Felix Nmecha,GER
DF,Malick Thiaw,GER
MF,Lennart Karl,GER
FW,Deniz Undav,GER
GK,Yahia Fofana,CIV
DF,Ousmane Diomande,CIV
DF,Ghislain Konan,CIV
MF,Jean Michaël Seri,CIV
DF,Wilfried Singo,CIV
MF,Seko Fofana,CIV
DF,Odilon Kossounou,CIV
MF,Franck Kessié,CIV
FW,Ange-Yoan Bonny,CIV
FW,Simon Adingra,CIV
FW,Yan Diomande,CIV
FW,Elye Wahi,CIV
DF,Christopher Opéri,CIV
FW,Oumar Diakité,CIV
FW,Amad Diallo,CIV
GK,Mohamed Koné,CIV
DF,Guéla Doué,CIV
MF,Ibrahim Sangaré,CIV
FW,Nicolas Pépé,CIV
DF,Emmanuel Agbadou,CIV
DF,Evan Ndicka,CIV
FW,Evann Guessand,CIV
GK,Alban Lafont,CIV
FW,Bazoumana Touré,CIV
MF,Parfait Guiagon,CIV
MF,Christ Inao Oulaï,CIV
GK,Zion Suzuki,JPN
DF,Yukinari Sugawara,JPN
DF,Shōgo Taniguchi,JPN
DF,Kō Itakura,JPN
DF,Yūto Nagatomo,JPN
MF,Wataru Endo,JPN
MF,Ao Tanaka,JPN
MF,Takefusa Kubo,JPN
FW,Keisuke Gotō,JPN
MF,Ritsu Dōan,JPN
MF,Daizen Maeda,JPN
GK,Keisuke Ōsako,JPN
MF,Keito Nakamura,JPN
MF,Junya Itō,JPN
MF,Daichi Kamada,JPN
DF,Tsuyoshi Watanabe,JPN
MF,Yuito Suzuki,JPN
FW,Ayase Ueda,JPN
FW,Kōki Ogawa,JPN
DF,Ayumu Seko,JPN
DF,Hiroki Itō,JPN
DF,Takehiro Tomiyasu,JPN
GK,Tomoki Hayakawa,JPN
MF,Kaishū Sano,JPN
DF,Junnosuke Suzuki,JPN
FW,Kento Shiogai,JPN
GK,Bart Verbruggen,NED
DF,Jurriën Timber,NED
MF,Marten de Roon,NED
DF,Virgil van Dijk,NED
DF,Nathan Aké,NED
DF,Jan Paul van Hecke,NED
MF,Justin Kluivert,NED
MF,Ryan Gravenberch,NED
FW,Wout Weghorst,NED
FW,Memphis Depay,NED
FW,Cody Gakpo,NED
DF,Mats Wieffer,NED
GK,Robin Roefs,NED
MF,Tijjani Reijnders,NED
DF,Micky van de Ven,NED
MF,Guus Til,NED
FW,Noa Lang,NED
FW,Donyell Malen,NED
FW,Brian Brobbey,NED
MF,Teun Koopmeiners,NED
MF,Frenkie de Jong,NED
DF,Denzel Dumfries,NED
GK,Mark Flekken,NED
FW,Crysencio Summerville,NED
DF,Jorrel Hato,NED
MF,Quinten Timber,NED
GK,Jacob Widell Zetterström,SWE
DF,Gustaf Lagerbielke,SWE
DF,Victor Lindelöf,SWE
DF,Isak Hien,SWE
DF,Gabriel Gudmundsson,SWE
DF,Herman Johansson,SWE
MF,Lucas Bergvall,SWE
DF,Daniel Svensson,SWE
FW,Alexander Isak,SWE
MF,Benjamin Nygren,SWE
FW,Anthony Elanga,SWE
GK,Viktor Johansson,SWE
MF,Ken Sema,SWE
DF,Hjalmar Ekdal,SWE
DF,Carl Starfelt,SWE
MF,Jesper Karlström,SWE
FW,Viktor Gyökeres,SWE
MF,Yasin Ayari,SWE
MF,Mattias Svanberg,SWE
DF,Eric Smith,SWE
DF,Alexander Bernhardsson,SWE
MF,Besfort Zeneli,SWE
GK,Kristoffer Nordfeldt,SWE
DF,Elliot Stroud,SWE
FW,Gustaf Nilsson,SWE
FW,Taha Ali,SWE
GK,Mouhib Chamakh,TUN
DF,Ali Abdi,TUN
DF,Montassar Talbi,TUN
DF,Omar Rekik,TUN
DF,Adem Arous,TUN
DF,Dylan Bronn,TUN
FW,Elias Achouri,TUN
FW,Elias Saad,TUN
FW,Hazem Mastouri,TUN
MF,Hannibal Mejbri,TUN
MF,Ismaël Gharbi,TUN
DF,Mortadha Ben Ouanes,TUN
MF,Rani Khedira,TUN
MF,Khalil Ayari,TUN
MF,Hadj Mahmoud,TUN
GK,Aymen Dahmen,TUN
MF,Ellyes Skhiri,TUN
FW,Rayan Elloumi,TUN
FW,Firas Chaouat,TUN
DF,Yan Valery,TUN
DF,Mohamed Amine Ben Hamida,TUN
GK,Sabri Ben Hessen,TUN
DF,Moutaz Neffati,TUN
DF,Raed Chikhaoui,TUN
MF,Anis Ben Slimane,TUN
MF,Sebastian Tounekti,TUN
GK,Thibaut Courtois,BEL
DF,Zeno Debast,BEL
DF,Arthur Theate,BEL
DF,Brandon Mechele,BEL
DF,Maxim De Cuyper,BEL
MF,Axel Witsel,BEL
MF,Kevin De Bruyne,BEL
MF,Youri Tielemans,BEL
FW,Romelu Lukaku,BEL
FW,Leandro Trossard,BEL
FW,Jérémy Doku,BEL
GK,Senne Lammens,BEL
GK,Mike Penders,BEL
FW,Dodi Lukébakio,BEL
DF,Thomas Meunier,BEL
DF,Koni De Winter,BEL
FW,Charles De Ketelaere,BEL
DF,Joaquin Seys,BEL
MF,Diego Moreira,BEL
MF,Hans Vanaken,BEL
DF,Timothy Castagne,BEL
MF,Alexis Saelemaekers,BEL
MF,Nicolas Raskin,BEL
MF,Amadou Onana,BEL
DF,Nathan Ngoy,BEL
FW,Matias Fernandez-Pardo,BEL
GK,Mohamed El Shenawy,EGY
DF,Yasser Ibrahim,EGY
DF,Mohamed Hany,EGY
DF,Hossam Abdelmaguid,EGY
DF,Ramy Rabia,EGY
DF,Mohamed Abdelmonem,EGY
FW,Trézéguet,EGY
MF,Emam Ashour,EGY
FW,Hamza Abdelkarim,EGY
FW,Mohamed Salah,EGY
MF,Mostafa Ziko,EGY
FW,Haissem Hassan,EGY
DF,Ahmed Fatouh,EGY
MF,Hamdy Fathy,EGY
DF,Karim Hafez,EGY
GK,El Mahdy Soliman,EGY
MF,Mohanad Lasheen,EGY
MF,Nabil Emad,EGY
MF,Marwan Attia,EGY
FW,Ibrahim Adel,EGY
MF,Mahmoud Saber,EGY
FW,Omar Marmoush,EGY
GK,Mostafa Shobeir,EGY
DF,Tarek Alaa,EGY
FW,Zizo,EGY
GK,Mohamed Alaa,EGY
GK,Alireza Beiranvand,IRN
DF,Saleh Hardani,IRN
DF,Ehsan Hajsafi,IRN
DF,Shojae Khalilzadeh,IRN
DF,Milad Mohammadi,IRN
MF,Saeid Ezatolahi,IRN
MF,Alireza Jahanbakhsh,IRN
MF,Mohammad Mohebi,IRN
FW,Mehdi Taremi,IRN
FW,Mehdi Ghayedi,IRN
FW,Ali Alipour,IRN
GK,Payam Niazmand,IRN
DF,Hossein Kanaanizadegan,IRN
MF,Saman Ghoddos,IRN
MF,Rouzbeh Cheshmi,IRN
MF,Mehdi Torabi,IRN
DF,Aria Yousefi,IRN
FW,Amirhossein Hosseinzadeh,IRN
DF,Ali Nemati,IRN
FW,Shahriyar Moghanlou,IRN
MF,Mohammad Ghorbani,IRN
GK,Hossein Hosseini,IRN
DF,Ramin Rezaeian,IRN
FW,Dennis Eckert,IRN
DF,Danial Eiri,IRN
MF,Amirmohammad Razzaghinia,IRN
GK,Max Crocombe,NZL
DF,Tim Payne,NZL
DF,Francis de Vries,NZL
DF,Tyler Bindon,NZL
DF,Michael Boxall,NZL
MF,Joe Bell,NZL
MF,Matthew Garbett,NZL
MF,Marko Stamenić,NZL
FW,Chris Wood,NZL
MF,Sarpreet Singh,NZL
MF,Elijah Just,NZL
GK,Alex Paulsen,NZL
DF,Liberato Cacace,NZL
MF,Alex Rufer,NZL
DF,Nando Pijnaker,NZL
DF,Finn Surman,NZL
FW,Kosta Barbarouses,NZL
FW,Ben Waine,NZL
MF,Ben Old,NZL
MF,Callum McCowatt,NZL
FW,Jesse Randall,NZL
GK,Michael Woud,NZL
MF,Ryan Thomas,NZL
DF,Callan Elliot,NZL
MF,Lachlan Bayliss,NZL
DF,Tommy Smith,NZL
GK,Vozinha,CPV
DF,Stopira,CPV
DF,Diney,CPV
DF,Roberto Lopes,CPV
DF,Logan Costa,CPV
MF,Kevin Pina,CPV
MF,Jovane Cabral,CPV
MF,João Paulo,CPV
FW,Gilson Benchimol,CPV
MF,Jamiro Monteiro,CPV
MF,Garry Rodrigues,CPV
GK,Márcio Rosa,CPV
DF,Sidny Lopes Cabral,CPV
MF,Deroy Duarte,CPV
MF,Laros Duarte,CPV
MF,Yannick Semedo,CPV
MF,Willy Semedo,CPV
MF,Telmo Arcanjo,CPV
FW,Dailon Livramento,CPV
FW,Ryan Mendes,CPV
MF,Nuno da Costa,CPV
DF,Steven Moreira,CPV
GK,CJ dos Santos,CPV
DF,Wagner Pina,CPV
DF,Kelvin Pires,CPV
MF,Hélio Varela,CPV
GK,Nawaf Al-Aqidi,KSA
DF,Ali Majrashi,KSA
DF,Ali Lajami,KSA
DF,Abdulelah Al-Amri,KSA
DF,Hassan Al-Tambakti,KSA
MF,Nasser Al-Dawsari,KSA
MF,Musab Al-Juwayr,KSA
FW,Ayman Yahya,KSA
FW,Firas Al-Buraikan,KSA
FW,Salem Al-Dawsari,KSA
FW,Saleh Al-Shehri,KSA
DF,Saud Abdulhamid,KSA
DF,Nawaf Boushal,KSA
DF,Hassan Kadesh,KSA
MF,Abdullah Al-Khaibari,KSA
MF,Ziyad Al-Johani,KSA
FW,Khalid Al-Ghannam,KSA
MF,Alaa Al-Hejji,KSA
FW,Abdullah Al-Hamdan,KSA
FW,Sultan Mandash,KSA
GK,Mohammed Al-Owais,KSA
GK,Ahmed Al-Kassar,KSA
MF,Mohamed Kanno,KSA
DF,Moteb Al-Harbi,KSA
DF,Jehad Thakri,KSA
DF,Mohammed Abu Al-Shamat,KSA
GK,David Raya,ESP
DF,Marc Pubill,ESP
DF,Álex Grimaldo,ESP
DF,Eric García,ESP
DF,Marcos Llorente,ESP
MF,Mikel Merino,ESP
FW,Ferran Torres,ESP
MF,Fabián Ruiz,ESP
MF,Gavi,ESP
FW,Dani Olmo,ESP
FW,Yéremy Pino,ESP
DF,Pedro Porro,ESP
GK,Joan Garcia,ESP
DF,Aymeric Laporte,ESP
MF,Álex Baena,ESP
MF,Rodri,ESP
FW,Nico Williams,ESP
MF,Martín Zubimendi,ESP
FW,Lamine Yamal,ESP
MF,Pedri,ESP
FW,Mikel Oyarzabal,ESP
DF,Pau Cubarsí,ESP
GK,Unai Simón,ESP
DF,Marc Cucurella,ESP
FW,Víctor Muñoz,ESP
FW,Borja Iglesias,ESP
GK,Sergio Rochet,URU
DF,José María Giménez,URU
DF,Sebastián Cáceres,URU
DF,Ronald Araújo,URU
MF,Manuel Ugarte,URU
MF,Rodrigo Bentancur,URU
MF,Nicolás de la Cruz,URU
MF,Federico Valverde,URU
FW,Darwin Núñez,URU
MF,Giorgian de Arrascaeta,URU
FW,Facundo Pellistri,URU
GK,Santiago Mele,URU
DF,Guillermo Varela,URU
MF,Agustín Canobbio,URU
MF,Emiliano Martínez 2,URU
DF,Mathías Olivera,URU
DF,Matías Viña,URU
FW,Brian Rodríguez,URU
FW,Rodrigo Aguirre,URU
MF,Maximiliano Araújo,URU
FW,Federico Viñas,URU
MF,Joaquín Piquerez,URU
GK,Fernando Muslera,URU
DF,Santiago Bueno,URU
MF,Juan Manuel Sanabria,URU
MF,Rodrigo Zalazar,URU
GK,Brice Samba,FRA
DF,Malo Gusto,FRA
DF,Lucas Digne,FRA
DF,Dayot Upamecano,FRA
DF,Jules Koundé,FRA
MF,Manu Koné,FRA
FW,Ousmane Dembélé,FRA
MF,Aurélien Tchouaméni,FRA
FW,Marcus Thuram,FRA
FW,Kylian Mbappé,FRA
FW,Michael Olise,FRA
FW,Bradley Barcola,FRA
MF,N'Golo Kanté,FRA
MF,Adrien Rabiot,FRA
DF,Ibrahima Konaté,FRA
GK,Mike Maignan,FRA
DF,William Saliba,FRA
MF,Warren Zaïre-Emery,FRA
DF,Théo Hernandez,FRA
FW,Désiré Doué,FRA
DF,Lucas Hernandez,FRA
FW,Jean-Philippe Mateta,FRA
GK,Robin Risser,FRA
MF,Rayan Cherki,FRA
MF,Maghnes Akliouche,FRA
DF,Maxence Lacroix,FRA
GK,Fahad Talib,IRQ
DF,Rebin Sulaka,IRQ
DF,Hussein Ali,IRQ
DF,Zaid Tahseen,IRQ
DF,Akam Hashim,IRQ
DF,Manaf Younis,IRQ
MF,Youssef Amyn,IRQ
MF,Ibrahim Bayesh,IRQ
FW,Ali Al-Hamadi,IRQ
FW,Mohanad Ali,IRQ
FW,Ahmed Qasem,IRQ
GK,Jalal Hassan,IRQ
FW,Ali Yousif,IRQ
MF,Zidane Iqbal,IRQ
DF,Ahmed Yahya,IRQ
MF,Amir Al-Ammari,IRQ
FW,Ali Jasim,IRQ
FW,Aymen Hussein,IRQ
MF,Kevin Yakob,IRQ
MF,Aimar Sher,IRQ
FW,Marko Farji,IRQ
GK,Ahmed Basil,IRQ
DF,Merchas Doski,IRQ
MF,Zaid Ismail,IRQ
DF,Mustafa Saadoon,IRQ
DF,Frans Putros,IRQ
GK,Ørjan Nyland,NOR
MF,Morten Thorsby,NOR
DF,Kristoffer Ajer,NOR
DF,Leo Østigård,NOR
DF,David Møller Wolfe,NOR
MF,Patrick Berg,NOR
FW,Alexander Sørloth,NOR
MF,Sander Berge,NOR
FW,Erling Haaland,NOR
MF,Martin Ødegaard,NOR
FW,Jørgen Strand Larsen,NOR
GK,Sander Tangvik,NOR
GK,Egil Selvik,NOR
MF,Fredrik Aursnes,NOR
DF,Fredrik André Bjørkan,NOR
DF,Marcus Holmgren Pedersen,NOR
DF,Torbjørn Heggem,NOR
MF,Kristian Thorstvedt,NOR
MF,Thelo Aasgaard,NOR
FW,Antonio Nusa,NOR
MF,Andreas Schjelderup,NOR
MF,Oscar Bobb,NOR
MF,Jens Petter Hauge,NOR
DF,Sondre Langås,NOR
DF,Henrik Falchener,NOR
FW,Julian Ryerson,NOR
GK,Yehvann Diouf,SEN
DF,Mamadou Sarr,SEN
DF,Kalidou Koulibaly,SEN
DF,Abdoulaye Seck,SEN
MF,Idrissa Gueye,SEN
MF,Pathé Ciss,SEN
FW,Assane Diao,SEN
MF,Lamine Camara,SEN
FW,Bamba Dieng,SEN
FW,Sadio Mané,SEN
FW,Nicolas Jackson,SEN
FW,Cherif Ndiaye,SEN
FW,Iliman Ndiaye,SEN
DF,Ismail Jakobs,SEN
DF,Krépin Diatta,SEN
GK,Édouard Mendy,SEN
MF,Pape Matar Sarr,SEN
FW,Ismaïla Sarr,SEN
DF,Moussa Niakhaté,SEN
FW,Ibrahim Mbaye,SEN
MF,Habib Diarra,SEN
MF,Bara Sapoko Ndiaye,SEN
GK,Mory Diaw,SEN
DF,Antoine Mendy,SEN
DF,El Hadji Malick Diouf,SEN
MF,Pape Gueye,SEN
GK,Melvin Mastil,ALG
DF,Aïssa Mandi,ALG
DF,Achref Abada,ALG
DF,Mohamed Amine Tougai,ALG
DF,Zineddine Belaïd,ALG
MF,Ramiz Zerrouki,ALG
FW,Riyad Mahrez,ALG
MF,Houssem Aouar,ALG
FW,Amine Gouiri,ALG
MF,Farès Chaïbi,ALG
FW,Anis Hadj Moussa,ALG
FW,Nadhir Benbouali,ALG
DF,Jaouen Hadjam,ALG
MF,Hicham Boudaoui,ALG
DF,Rayan Aït-Nouri,ALG
GK,Oussama Benbot,ALG
DF,Rafik Belghali,ALG
FW,Mohamed Amoura,ALG
MF,Nabil Bentaleb,ALG
FW,Adil Boulbina,ALG
DF,Ramy Bensebaini,ALG
MF,Ibrahim Maza,ALG
GK,Luca Zidane,ALG
MF,Yacine Titraoui,ALG
FW,Farès Ghedjemis,ALG
DF,Samir Chergui,ALG
GK,Juan Musso,ARG
DF,Leonardo Balerdi,ARG
DF,Nicolás Tagliafico,ARG
DF,Gonzalo Montiel,ARG
MF,Leandro Paredes,ARG
DF,Lisandro Martínez,ARG
MF,Rodrigo De Paul,ARG
MF,Valentín Barco,ARG
FW,Julián Alvarez,ARG
FW,Lionel Messi,ARG
MF,Giovani Lo Celso,ARG
GK,Gerónimo Rulli,ARG
DF,Cristian Romero,ARG
MF,Exequiel Palacios,ARG
MF,Nicolás González,ARG
FW,Thiago Almada,ARG
FW,Giuliano Simeone,ARG
FW,Nico Paz,ARG
DF,Nicolás Otamendi,ARG
MF,Alexis Mac Allister,ARG
FW,José Manuel López,ARG
FW,Lautaro Martínez,ARG
GK,Emiliano Martínez,ARG
MF,Enzo Fernández,ARG
DF,Facundo Medina,ARG
DF,Nahuel Molina,ARG
GK,Alexander Schlager,AUT
DF,David Affengruber,AUT
DF,Kevin Danso,AUT
MF,Xaver Schlager,AUT
DF,Stefan Posch,AUT
MF,Nicolas Seiwald,AUT
FW,Marko Arnautović,AUT
DF,David Alaba,AUT
MF,Marcel Sabitzer,AUT
MF,Florian Grillitsch,AUT
FW,Michael Gregoritsch,AUT
GK,Florian Wiegele,AUT
GK,Patrick Pentz,AUT
FW,Saša Kalajdžić,AUT
DF,Philipp Lienhart,AUT
DF,Phillipp Mwene,AUT
MF,Carney Chukwuemeka,AUT
MF,Romano Schmid,AUT
MF,Konrad Laimer,AUT
FW,Patrick Wimmer,AUT
MF,Alexander Prass,AUT
DF,Marco Friedl,AUT
MF,Paul Wanner,AUT
DF,Michael Svoboda,AUT
MF,Alessandro Schöpf,AUT
GK,Yazeed Abulaila,JOR
DF,Mohammad Abu Hashish,JOR
DF,Abdallah Nasib,JOR
DF,Husam Abu Dahab,JOR
DF,Yazan Al-Arab,JOR
MF,Amer Jamous,JOR
FW,Mohammad Abu Zrayq,JOR
MF,Noor Al-Rawabdeh,JOR
FW,Ali Olwan,JOR
FW,Musa Al-Taamari,JOR
FW,Odeh Al-Fakhouri,JOR
GK,Nour Bani Attiah,JOR
FW,Mahmoud Al-Mardi,JOR
MF,Rajaei Ayed,JOR
MF,Ibrahim Sadeh,JOR
DF,Mo Abualnadi,JOR
DF,Salim Obaid,JOR
FW,Ibrahim Sabra,JOR
DF,Saed Al-Rosan,JOR
MF,Mohannad Abu Taha,JOR
MF,Nizar Al-Rashdan,JOR
GK,Abdallah Al-Fakhouri,JOR
DF,Ihsan Haddad,JOR
FW,Ali Azaizeh,JOR
MF,Mohammad Al-Dawoud,JOR
DF,Anas Badawi,JOR
GK,David Ospina,COL
DF,Daniel Muñoz,COL
DF,Jhon Lucumí,COL
DF,Santiago Arias,COL
MF,Kevin Castaño,COL
MF,Richard Ríos,COL
FW,Luis Díaz,COL
MF,Jorge Carrascal,COL
FW,Jhon Córdoba,COL
MF,James Rodríguez,COL
MF,Jhon Arias,COL
GK,Camilo Vargas,COL
DF,Yerry Mina,COL
DF,Gustavo Puerta,COL
MF,Juan Portilla,COL
MF,Jefferson Lerma,COL
DF,Johan Mojica,COL
DF,Willer Ditta,COL
FW,Cucho Hernández,COL
MF,Juan Fernando Quintero,COL
FW,Jaminton Campaz,COL
DF,Deiver Machado,COL
DF,Davinson Sánchez,COL
GK,Álvaro Montero,COL
FW,Luis Suárez,COL
FW,Andrés Gómez,COL
GK,Lionel Mpasi,COD
DF,Aaron Wan-Bissaka,COD
DF,Steve Kapuadi,COD
DF,Axel Tuanzebe,COD
DF,Dylan Batubinsika,COD
MF,Ngal'ayel Mukau,COD
MF,Nathanaël Mbuku,COD
MF,Samuel Moutoussamy,COD
FW,Brian Cipenga,COD
MF,Théo Bongonda,COD
FW,Gaël Kakuta,COD
DF,Joris Kayembe,COD
FW,Meschak Elia,COD
MF,Noah Sadiki,COD
MF,Aaron Tshibola,COD
GK,Timothy Fayulu,COD
FW,Cédric Bakambu,COD
MF,Charles Pickel,COD
FW,Fiston Mayele,COD
FW,Yoane Wissa,COD
GK,Matthieu Epolo,COD
DF,Chancel Mbemba,COD
FW,Simon Banza,COD
DF,Gédéon Kalulu,COD
MF,Edo Kayembe,COD
DF,Arthur Masuaku,COD
GK,Diogo Costa,POR
DF,Nélson Semedo,POR
DF,Rúben Dias,POR
DF,Tomás Araújo,POR
DF,Diogo Dalot,POR
MF,Matheus Nunes,POR
FW,Cristiano Ronaldo,POR
MF,Bruno Fernandes,POR
FW,Gonçalo Ramos,POR
MF,Bernardo Silva,POR
FW,João Félix,POR
GK,José Sá,POR
DF,Renato Veiga,POR
DF,Gonçalo Inácio,POR
MF,João Neves,POR
FW,Francisco Trincão,POR
FW,Rafael Leão,POR
FW,Pedro Neto,POR
FW,Gonçalo Guedes,POR
DF,João Cancelo,POR
MF,Rúben Neves,POR
GK,Rui Silva,POR
MF,Vitinha,POR
DF,Samú Costa,POR
DF,Nuno Mendes,POR
FW,Francisco Conceição,POR
GK,Utkir Yusupov,UZB
DF,Abdukodir Khusanov,UZB
DF,Khojiakbar Alijonov,UZB
DF,Farrukh Sayfiev,UZB
DF,Rustam Ashurmatov,UZB
MF,Akmal Mozgovoy,UZB
MF,Otabek Shukurov,UZB
MF,Jamshid Iskanderov,UZB
MF,Odiljon Hamrobekov,UZB
MF,Jaloliddin Masharipov,UZB
MF,Oston Urunov,UZB
GK,Abduvohid Nematov,UZB
DF,Sherzod Nasrullaev,UZB
FW,Eldor Shomurodov,UZB
DF,Umar Eshmurodov,UZB
GK,Botirali Ergashev,UZB
MF,Dostonbek Khamdamov,UZB
DF,Abdulla Abdullaev,UZB
MF,Azizjon Ganiev,UZB
FW,Azizbek Amonov,UZB
FW,Igor Sergeev,UZB
MF,Abbosbek Fayzullaev,UZB
MF,Sherzod Esanov,UZB
DF,Bekhruz Karimov,UZB
DF,Avazbek Ulmasaliev,UZB
DF,Jakhongir Urozov,UZB
GK,Dominik Livaković,CRO
DF,Josip Stanišić,CRO
DF,Marin Pongračić,CRO
DF,Joško Gvardiol,CRO
DF,Duje Ćaleta-Car,CRO
DF,Josip Šutalo,CRO
MF,Nikola Moro,CRO
MF,Mateo Kovačić,CRO
FW,Andrej Kramarić,CRO
MF,Luka Modrić,CRO
FW,Ante Budimir,CRO
GK,Ivor Pandur,CRO
MF,Nikola Vlašić,CRO
FW,Ivan Perišić,CRO
MF,Mario Pašalić,CRO
MF,Martin Baturina,CRO
MF,Petar Sučić,CRO
DF,Kristijan Jakić,CRO
MF,Toni Fruk,CRO
FW,Igor Matanović,CRO
MF,Luka Sučić,CRO
DF,Luka Vušković,CRO
GK,Dominik Kotarski,CRO
FW,Marco Pašalić,CRO
DF,Martin Erlić,CRO
FW,Petar Musa,CRO
GK,Jordan Pickford,ENG
DF,Ezri Konsa,ENG
DF,Nico O'Reilly,ENG
MF,Declan Rice,ENG
DF,John Stones,ENG
DF,Marc Guéhi,ENG
FW,Bukayo Saka,ENG
MF,Elliot Anderson,ENG
FW,Harry Kane,ENG
MF,Jude Bellingham,ENG
FW,Marcus Rashford,ENG
DF,Tino Livramento,ENG
GK,Dean Henderson,ENG
MF,Jordan Henderson,ENG
DF,Dan Burn,ENG
MF,Kobbie Mainoo,ENG
MF,Morgan Rogers,ENG
FW,Anthony Gordon,ENG
FW,Ollie Watkins,ENG
FW,Noni Madueke,ENG
MF,Eberechi Eze,ENG
FW,Ivan Toney,ENG
GK,James Trafford,ENG
DF,Reece James,ENG
DF,Djed Spence,ENG
DF,Jarell Quansah,ENG
GK,Lawrence Ati-Zigi,GHA
DF,Alidu Seidu,GHA
MF,Caleb Yirenkyi,GHA
DF,Jonas Adjetey,GHA
MF,Thomas Partey,GHA
DF,Abdul Mumin,GHA
FW,Abdul Fatawu,GHA
MF,Kwasi Sibo,GHA
FW,Jordan Ayew,GHA
FW,Brandon Thomas-Asante,GHA
MF,Antoine Semenyo,GHA
GK,Joseph Anang,GHA
FW,Christopher Bonsu Baah,GHA
DF,Gideon Mensah,GHA
MF,Elisha Owusu,GHA
GK,Benjamin Asare,GHA
DF,Abdul Rahman Baba,GHA
DF,Jerome Opoku,GHA
FW,Iñaki Williams,GHA
MF,Augustine Boakye,GHA
DF,Kojo Peprah Oppong,GHA
FW,Kamaldeen Sulemana,GHA
DF,Derrick Luckassen,GHA
FW,Ernest Nuamah,GHA
FW,Prince Kwabena Adu,GHA
DF,Marvin Senaya,GHA
GK,Luis Mejía,PAN
DF,César Blackman,PAN
DF,José Córdoba,PAN
DF,Fidel Escobar,PAN
DF,Edgardo Fariña,PAN
MF,Cristian Martínez,PAN
MF,José Luis Rodríguez,PAN
MF,Adalberto Carrasquilla,PAN
FW,Tomás Rodríguez,PAN
MF,Ismael Díaz,PAN
MF,Yoel Bárcenas,PAN
GK,César Samudio,PAN
DF,Jiovany Ramos,PAN
DF,Carlos Harvey,PAN
DF,Eric Davis,PAN
DF,Andrés Andrade,PAN
FW,José Fajardo,PAN
FW,Cecilio Waterman,PAN
MF,Alberto Quintero,PAN
MF,Aníbal Godoy,PAN
MF,César Yanis,PAN
GK,Orlando Mosquera,PAN
DF,Michael Amir Murillo,PAN
FW,Azarias Londoño,PAN
DF,Roderick Miller,PAN
DF,Jorge Gutiérrez,PAN
